Timestamp,Email address,Full Name (LastName MiddleName FirstName),Today's Date,Today's Subject,Any Feedback/Suggestions from today's class?
15/08/2025 15:46:40,eugenebigiri1@gmail.com,Eugene BIGIRIMANA,15/08/2025,Python,Good
15/08/2025 15:46:43,spkuuridong@gmail.com,Kuuridong Nibebadaar Sandoh Pearl,15/08/2025,Python,
15/08/2025 15:46:53,maryamyahya371@gmail.com,Maryam Yahya Mohamed ,15/08/2025,Python,No
15/08/2025 15:46:57,anabahsandra54@gmail.com,Anaba Sandra ,15/08/2025,Python,
15/08/2025 15:47:02,malamadaina97@gmail.com,Malama Daina ,15/08/2025,Python,The teacher delivered the lesson well 
15/08/2025 15:47:09,alinenyiranizeyimana@gmail.com,Aline NYIRANIZEYIMANA,15/08/2025,Python,
15/08/2025 15:47:14,josiahsuku886@gmail.com,Mutie Josia Suku,15/08/2025,Python,Share todays notes
15/08/2025 15:47:14,loydeaijuka@gmail.com,AIJUKA LOYDE,15/08/2025,Python,
15/08/2025 15:47:23,musondakatai6@gmail.com,Katai Musonda ,15/08/2025,Python,The tutor was well informed and was tutoring well but it was a little bit hard for me to grasp the concept.
15/08/2025 15:47:33,kimtifah2@gmail.com,Latifah AKIMANA,15/08/2025,Python,
15/08/2025 15:47:40,jeanmaheritianaramanantsoa@gmail.com,RAMANANTSOA Jean Maheritiana,15/08/2025,Python,
15/08/2025 15:47:49,rabeccakanini2019@gmail.com,Kating'u Kanini Rabecca ,15/08/2025,Python,
15/08/2025 15:48:24,mireilleirakoze064@gmail.com,Mireille IRAKOZE ,15/08/2025,Python,
15/08/2025 15:48:25,mirijalucas@gmail.com,RAZAFIMANANTSOA Lucas Mirija,15/08/2025,Python,
15/08/2025 15:48:32,andriantiavintsoak@gmail.com,ANDRIANTIAVINTSOA Kenny Lalatiana,15/08/2025,Python,
15/08/2025 15:48:37,olivernalunkuma1@hmail.com,Oliver Nalunkuma,15/08/2025,Python,Polymorphism well taught though other stuff where confusing 
15/08/2025 15:48:38,niyonshutilambertdiko@gmail.com,Niyonshuti Lambert Diko,15/08/2025,Python,The class was good and more important.
15/08/2025 15:48:44,mukizasylvestre06@gmail.com,MUKIZA Sylvestre,15/08/2025,Python,class was amazing
15/08/2025 15:48:49,lacelehagenimana@gmail.com,HAGENIMANA Celestin ,15/08/2025,Python,
15/08/2025 15:48:52,olusolaogundepo@gmail.com,Ogundepo Timothy Olusola,15/08/2025,Python,Great lecture!
15/08/2025 15:48:56,kazanendajosiane@gmail.com,Josiane Kazanenda ,15/08/2025,Python,The concepts of today's class is some how Complicated.
15/08/2025 15:48:56,nizeyimanap30@gmail.com,NIZEYIMANA Patrick,15/08/2025,Python,
15/08/2025 15:49:10,mutesilillian23@gmail.co,MUTESI LILLIAN,15/08/2025,Python,Somehow complicated but tried to explain and needs some further research
15/08/2025 15:49:38,maniraguhaviviane@gmail.com,Maniraguha Viviane ,15/08/2025,Python,Thanks 
15/08/2025 15:50:01,mujahono02@gmail.com,Mujawayezu Honorine,15/08/2025,Python,
15/08/2025 15:50:07,irizainwhite@gmail.com,Iriza Marie Blanche,15/08/2025,Python,understandable
15/08/2025 15:50:29,walternyamutamba@gmail.com,Walter Mudavanhu Nyamutamba ,15/08/2000,Python,N/A
15/08/2025 15:50:34,pascadukundane46@gmail.com,Patrice IRADUKUNDA,15/08/2025,Python,None
15/08/2025 15:50:34,patrickmakina2000@gmail.com,Patrick Makina ,15/08/2025,Python,It was great 
15/08/2025 15:50:41,bobphilip93@gmail.com,Bob Philip Aila,15/08/2025,Python,N/A
15/08/2025 15:50:55,khadijnouriafoumbanmarah@gmail.com,Foumban Marah Khadij Nouria ,15/08/2025,Python,
15/08/2025 15:50:57,jagforson@st.knust.edu.gh,Forson Adu Gyamfi Joseph ,15/08/2025,Python,Insightful 
15/08/2025 15:51:28,samuelagyekum110@gmail.com,Agyekum samuel,15/08/2025,Python,Good
15/08/2025 15:52:13,irigeneraalliance@gmail.com,IRIGENERA Alliance,15/08/2025,Python,More understandable
15/08/2025 15:52:33,mukatwizeyimanabenitha@gmail.com,Mukatwizeyimana Benitha,15/08/2025,Python,Excellent explanations of concepts!
15/08/2025 15:52:45,jeanhabineza2000@gmail.com,HABINEZA Jean Baptiste ,15/08/2025,Python,Very excited 
15/08/2025 15:53:11,faidacc592@gmail.com,NIYONSHIMIYE Faida Clemence,15/08/2025,Python,
15/08/2025 15:53:17,iradukundarachel17@gmail.com,Rachel IRADUKUNDA ,15/08/2025,Python,Understandable 
15/08/2025 15:53:18,igeolaoluwasubomilois@gmail.com,Ige Lois Olaoluwasubomi ,15/08/2025,Python,
15/08/2025 15:53:39,patrickjohn.ulad@gmail.com,John Patrick,15/08/2025,Python,It was nice class
15/08/2025 15:54:01,attaigupeter@gmail.com,Attaigu Onimisi Peter,15/08/2025,Python,
15/08/2025 15:54:13,kutlokejang@gmail.com,Kejang Gaone Kutlo,15/08/2025,Python,
15/08/2025 15:54:17,peterkayode618@gmail.com,Kayode Temitope Peter ,15/08/2025,Python,
15/08/2025 15:55:03,marcelouadja@gmail.com,OUADJA FARE Tchandikou,15/08/2025,Python,
15/08/2025 15:55:15,alwia69@gmail.com,Alwia Babekir Mohammed,15/08/2025,Python,
15/08/2025 15:55:19,djadidauwituze9@gmail.com,Djadida UWITUZE ,15/08/2025,Python,
15/08/2025 15:55:49,oliveingabire17@gmail.com,Olive INGABIRE,15/08/2025,Python,
15/08/2025 16:01:38,nisingizweconsole1@gmail.com,NISINGIZWE Consolee,15/08/2025,Python,none
15/08/2025 16:03:02,dicksonmwangalika@gmail.com,Mwangalika Godwin Dickson,15/08/2025,Python,
15/08/2025 16:03:21,joshuapiusopio1@gmail.com,OPIO JOSHUA PIUS,15/08/2025,Python,"FAIR
"
15/08/2025 16:03:54,belysekaneza15@gmail.com,Kaneza Belyse ,15/08/2025,Python,Good 
15/08/2025 16:03:55,zojoujoule@gmail.com,ANDRIANANTENAINA Zo Lalaina Andrianina,15/08/2025,Python,
15/08/2025 16:03:59,nyantakyiwaarichill2@gmail.com,Nyantakyiwaa Ataa Richill ,15/08/2025,Python,Great 
15/08/2025 16:07:24,belysekaneza15@gmail.com,Kaneza Belyse ,15/08/2025,Python,Good 
15/08/2025 16:11:32,ornellameffovoung@gmail.com,MEFFOVOUNG NGNITEDEM Ornella,15/08/2025,Python,
15/08/2025 16:18:43,deborahmercy202018@gmail.com,Deborah Mercy Aunga ,15/08/2025,Python,
15/08/2025 16:30:39,cyubahirophilomene@gmail.com,CYUBAHIRO Philomene,15/08/2025,Python,
15/08/2025 17:47:05,arnaudfoubeuda@gmail.com,FOUBEUDA BOZAHBE Arnaud ,15/08/2025,Python,
15/08/2025 18:07:19,sinyabejoachim@gmail.com,SINYABE DANBE Joachim ,15/08/2025,Python,
17/08/2025 15:26:33,abdelhakimoustapha@gmail.com,Abdelhakim Moustapha Mahamat ,15/08/2025,Python,