Timestamp,Email address,Full Name (LastName MiddleName FirstName),Today's Date,Today's Subject,Any Feedback/Suggestions from today's class?
18/08/2025 15:52:23,rabeccakanini2019@gmail.com,Kating'u Kanini Rabecca ,18/08/2025,Math,
18/08/2025 15:52:38,beck.bioh@gmail.com,Bioh Owusuaa Akosua ,18/08/2025,Math,
18/08/2025 15:52:45,kutlokejang@gmail.com,Kejang Gaone Kutlo ,18/08/2025,Math,
18/08/2025 15:52:47,nyantakyiwaarichill2@gmail.com,Nyantakyiwaa Ataa Richill,18/08/2025,Math,Great
18/08/2025 15:52:49,belisekanziga@gmail.com,Belise KANZIGA ,18/08/2025,Math,
18/08/2025 15:52:58,anabahsandra54@gmail.com,Anaba  Sandra ,18/08/2025,Math,
18/08/2025 15:53:00,mireilleirakoze064@gmail.com,Mireille IRAKOZE,18/08/2025,Math,
18/08/2025 15:53:12,josiahsuku886@gmail.com,Mutie Josia Suku,18/08/2025,Math,Share notes
18/08/2025 15:53:13,arnaudfoubeuda@gmail.com,FOUBEUDA BOZAHBE Arnaud ,18/08/2025,Math,
18/08/2025 15:53:13,irizainwhite@gmail.com,Iriza marie Blanche,18/08/2025,Math,complicated
18/08/2025 15:53:21,loydeaijuka@gmail.com,AIJUKA LOYDE,18/08/2025,Math,
18/08/2025 15:53:26,faidacc592@gmail.com,NIYONSHIMIYE Faida Clemence,18/08/2025,Math,
18/08/2025 15:53:27,zouasidoine@gmail.com,Sidoine BLAO ZOUA ,18/08/2025,Math,Passable 
18/08/2025 15:53:28,olusolaogundepo@gmail.com,Ogundepo Timothy Olusola,18/08/2025,Math,😥😥😥
18/08/2025 15:53:32,nizeyimanap30@gmail.com,NIZEYIMANA Patrick,18/08/2025,Math,
18/08/2025 15:53:33,maniraguhaviviane@gmail.com,Maniraguha Viviane ,18/08/2025,Math,Easy class ever 
18/08/2025 15:53:39,musondakatai6@gmail.com,Katai Musonda ,18/08/2025,Math,Class was amazing 
18/08/2025 15:53:46,attaigupeter@gmail.com,Attaigu Onimisi Peter,18/08/2025,Math,
18/08/2025 15:53:58,mukizasylvestre06@gmail.com,MUKIZA Sylvestre,18/08/2025,Math,class is nice
18/08/2025 15:54:02,alinenyiranizeyimana@gmail.com,Aline NYIRANIZEYIMANA,18/08/2025,Math,
18/08/2025 15:54:03,walternyamutamba@gmail.com,Walter Mudavanhu Nyamutamba,18/08/2025,Math,Awesome
18/08/2025 15:54:06,iradukundarachel17@gmail.com,Rachel IRADUKUNDA ,18/08/2025,Math,Clear 
18/08/2025 15:54:13,malamadaina97@gmail.com,Malama Daina,18/08/2025,Math,The teacher delivered the lesson well 
18/08/2025 15:54:21,sinyabejoachim@gmail.com,SINYABE DANBE Joachim ,18/08/2025,Math,
18/08/2025 15:54:23,mujahono02@gmail.com,Mujawayezu Honorine,18/08/2025,Math,
18/08/2025 15:54:24,lacelehagenimana@gmail.com,HAGENIMANA Celestin,18/08/2025,Math,
18/08/2025 15:54:36,niyonshutilambertdiko@gmail.com,Niyonshuti Lambert Diko ,18/08/2025,Math,Proof somehow are challenging but not big deal.
18/08/2025 15:54:47,olivernalunkuma1@gmail.com,Oliver Nalunkuma,18/08/2025,Math,"Statistics, though some concepts were well explained…"
18/08/2025 15:54:52,kimtifah2@gmail.com,Latifah Akimana,18/08/2025,Math,Probability class was tough to understand but after revising I will get it
18/08/2025 15:55:02,mutesilillian23@gmail.com,MUTESI LILLIAN,18/08/2025,Math,The session was understandable
18/08/2025 15:55:11,djadidauwituze9@gmail.com,Djadida UWITUZE,18/08/2025,Math,
18/08/2025 15:55:19,dicksonmwangalika@gmail.com,Mwangalika Godwin Dickson,18/08/2025,Math,
18/08/2025 15:55:20,mirijalucas@gmail.com,RAZAFIMANANTSOA Lucas Mirija,18/08/2025,Math,
18/08/2025 15:55:33,patrickmakina2000@gmail.com,Patrick Makina ,18/08/2025,Math,It was awesome
18/08/2025 15:55:56,alwia69@gmail.com,Alwia Babekir Mohammed,18/08/2025,Math,
18/08/2025 15:55:58,zojoujoule@gmail.com,ANDRIANANTENAINA Zo Lalaina Andrinianina,18/08/2025,Math,
18/08/2025 15:56:00,samuelagyekum110@gmail.com,Agyekum Samuel,18/08/2025,Math,Somehow
18/08/2025 15:56:04,jagforson@st.knust.edu.gh,Forson Adu Gyamfi Joseph,18/08/2025,Math,"great
"
18/08/2025 15:56:16,kazanendajosiane@gmail.com,Josiane Kazanenda ,18/08/2025,Math,"Wow, Nice session today."
18/08/2025 15:56:27,nisingizweconsole1@gmail.com,NISINGIZWE Consolee ,18/08/2025,Math,None
18/08/2025 15:56:39,maryamyahya371@gmail.com,Maryam Yahya Mohamed ,18/08/2025,Math,No
18/08/2025 15:56:56,marcelouadja@gmail.com,OUADJA FARE Tchandikou,18/08/2025,Math,
18/08/2025 15:57:32,ornellameffovoung@gmail.com,MEFFOVOUNG NGNITEDEM ORNELLA ,18/08/2025,Math,
18/08/2025 15:57:40,mukatwizeyimanabenitha@gmail.com,Mukatwizeyimana Benitha,18/08/2025,Math,Excellent!
18/08/2025 15:57:47,khadijnouriafoumbanmarah@gail.com,foumban marah khadij nouria,18/08/2025,Math,"Please sir, I would like to have the probability lessons we did today?"
18/08/2025 15:58:34,jeanhabineza2000@gmail.com,HABINEZA Jean Baptiste,18/08/2025,Math,very very excited
18/08/2025 15:58:53,oliveingabire17@gmail.com,Olive INGABIRE,18/08/2025,Math,
18/08/2025 15:59:19,deborahmercy202018@gmail.com,Deborah Mercy Aunga ,18/08/2025,Math,
18/08/2025 16:00:06,irigeneraalliance@gmail.com,IRIGENERA Alliance ,18/08/2025,Math,It was good and understandable 
18/08/2025 16:00:19,jeanmaheritianaramanantsoa@gmail.com,RAMANANTSOA Jean Maheritiana,18/08/2025,Math,
18/08/2025 16:01:54,yanze867@gmail.com,Zé Yan Kévin,18/08/2025,Math,
18/08/2025 16:02:27,eugenebigiri1@gmail.com,Eugene BIGIRIMANA,18/08/2025,Math,Good
18/08/2025 16:03:03,bobphilip93@gmail.com,Bob Philip Aila,18/08/2025,Math,N/A
18/08/2025 16:03:52,andriantiavintsoak@gmail.com,ANDRIANTIAVINTSOA Kenny Lalatiana,18/08/2025,Math,
18/08/2025 16:05:05,joshuapiusopio1@gmail.com,OPIO JOSHUA PIUS,18/08/2025,Math,Good 
18/08/2025 16:06:48,peterkayode618@gmail.com,Kayode Temitope Peter,18/08/2025,Math,
18/08/2025 16:07:15,pascadukundane46@gmail.com,Patrice IRADUKUNDA,18/08/2025,Math,None
18/08/2025 16:11:35,igeolaoluwasubomilois@gmail.com,Ige Lois Olaoluwasubomi ,18/08/2025,Math,
18/08/2025 16:12:06,cyubahirophilomene@gmail.com,CYUBAHIRO Philomene,18/08/2025,Math,
18/08/2025 16:14:11,belysekaneza15@gmail.com,Kaneza Belyse ,18/08/2025,Math,Good 
18/08/2025 16:15:36,safijoelle20@gmail.com,SAFI joelle,18/08/2025,Math,cool
18/08/2025 16:16:21,spkuuridong@gmail.com,Kuuridong Nibebadaar Sandoh,18/08/2025,Math,
18/08/2025 16:16:22,patrickjohn.ulad@gmail.com,John Patrick,18/08/2025,Math,"nice class, i have  enjoyed probability and statics"
18/08/2025 16:46:15,kibisiemmanuel52@gmail.com,EMMANUEL KIBISI ,18/08/2025,Math,Perfect 